"Date","Price","Open","High","Low","Change %"
"Jan 20, 2021","150.2","151.1","151.1","149.6","-0.66%"
"Jan 19, 2021","151.2","151.4","152.2","149.2","-0.40%"
"Jan 18, 2021","151.8","152.8","153.6","150.5","-0.65%"
"Jan 15, 2021","152.8","152.4","153.3","151.0","0.73%"
"Jan 14, 2021","151.7","152.3","153.7","150.3","-0.78%"
"Jan 13, 2021","152.9","150.2","152.1","148.9","1.33%"
"Jan 12, 2021","150.9","147.7","151.0","145.9","2.10%"
"Jan 11, 2021","147.8","145.9","148.7","145.9","1.37%"
"Jan 08, 2021","145.8","141.5","147.5","140.6","0.48%"
"Jan 07, 2021","145.1","141.6","146.2","139.3","1.90%"
"Jan 06, 2021","142.4","135.4","142.4","134.8","2.30%"
"Jan 05, 2021","139.2","147.7","148.2","139.2","-5.82%"
"Jan 04, 2021","147.8","148.0","150.1","144.5","-0.47%"
"Dec 31, 2020","148.5","148.6","549.0","148.5","-0.54%"
"Dec 30, 2020","149.3","148.9","149.8","146.8","0.34%"
"Dec 29, 2020","148.8","149.8","150.8","147.4","-0.67%"
"Dec 28, 2020","149.8","147.7","149.3","146.8","0.88%"
"Dec 24, 2020","148.5","148.4","148.5","148.4","-0.13%"
"Dec 23, 2020","148.7","149.9","150.5","146.8","-0.47%"
"Dec 22, 2020","149.4","147.5","149.7","146.5","1.84%"
"Dec 21, 2020","146.7","148.1","151.9","146.9","-1.01%"
"Dec 18, 2020","148.2","147.8","150.0","147.1","0.20%"
"Dec 17, 2020","147.9","141.9","150.1","140.2","4.01%"
"Dec 16, 2020","142.2","144.7","144.9","140.8","-1.46%"
"Dec 15, 2020","144.3","146.0","147.6","143.3","-1.03%"
"Dec 14, 2020","145.8","146.2","149.2","145.1","-0.88%"
"Dec 11, 2020","147.1","148.4","149.5","147.0","-1.01%"
"Dec 10, 2020","148.6","148.3","149.6","145.6","0.75%"
"Dec 09, 2020","147.5","143.3","147.6","143.1","2.22%"
"Dec 08, 2020","144.3","143.1","145.5","142.1","0.98%"
"Dec 07, 2020","142.9","141.3","144.0","139.6","1.56%"
"Dec 04, 2020","140.7","139.1","139.9","137.7","1.30%"
"Dec 03, 2020","138.9","138.4","138.8","135.9","0.87%"
"Dec 02, 2020","137.7","136.4","138.3","135.0","0.95%"
"Dec 01, 2020","136.4","136.8","139.2","134.9","-0.29%"
"Nov 30, 2020","136.8","139.3","139.6","136.1","-1.72%"
"Nov 27, 2020","139.2","138.7","139.3","137.0","0.22%"
"Nov 26, 2020","138.9","137.4","139.2","136.1","1.54%"
"Nov 25, 2020","136.8","135.7","139.3","135.0","0.66%"
"Nov 24, 2020","135.9","133.6","138.1","132.7","0.82%"
"Nov 23, 2020","134.8","134.0","135.7","133.1","-0.30%"
"Nov 20, 2020","135.2","133.5","135.3","132.4","1.73%"
"Nov 19, 2020","132.9","133.2","134.0","131.5","0.30%"
"Nov 18, 2020","132.5","133.1","133.3","130.9","0.61%"
"Nov 17, 2020","131.7","129.3","132.2","128.6","1.70%"
"Nov 16, 2020","129.5","129.6","131.3","128.5","0.31%"
"Nov 13, 2020","129.1","133.3","134.3","128.6","-3.15%"
"Nov 12, 2020","133.3","133.4","133.7","130.4","0.83%"
"Nov 11, 2020","132.2","129.4","133.5","126.9","1.77%"
"Nov 10, 2020","129.9","128.5","130.6","124.0","1.88%"
"Nov 09, 2020","127.5","130.6","131.5","126.0","-2.37%"
"Nov 06, 2020","130.6","131.8","133.0","127.6","-1.06%"
"Nov 05, 2020","132.0","133.6","134.3","129.8","-0.45%"
"Nov 04, 2020","132.6","134.0","134.5","130.4","0.99%"
"Nov 03, 2020","131.3","131.5","132.4","129.8","0.00%"
"Nov 02, 2020","131.3","128.8","131.7","126.1","2.66%"
"Oct 30, 2020","127.9","127.6","128.4","125.9","0.63%"
"Oct 29, 2020","127.1","124.6","128.4","124.2","1.19%"
"Oct 28, 2020","125.6","127.7","128.8","124.8","-1.80%"
"Oct 27, 2020","127.9","128.0","128.9","125.2","-0.31%"
"Oct 26, 2020","128.3","129.7","130.4","125.0","-0.31%"
"Oct 23, 2020","128.7","125.4","127.9","124.7","2.55%"
"Oct 22, 2020","125.5","124.1","127.4","122.8","1.37%"
"Oct 21, 2020","123.8","121.9","126.1","119.9","0.90%"
"Oct 20, 2020","122.7","122.6","124.8","120.9","0.16%"
"Oct 19, 2020","122.5","121.3","122.8","120.4","0.33%"
"Oct 16, 2020","122.1","121.5","123.3","120.7","0.83%"
"Oct 15, 2020","121.1","122.0","124.0","120.9","0.17%"
"Oct 14, 2020","120.9","122.3","124.0","120.8","-1.55%"
"Oct 13, 2020","122.8","119.0","123.7","118.4","2.59%"
"Oct 12, 2020","119.7","118.6","121.0","118.0","0.59%"
"Oct 09, 2020","119.0","119.5","120.4","116.6","-0.25%"
"Oct 08, 2020","119.3","117.3","119.0","115.9","2.32%"
"Oct 07, 2020","116.6","116.2","118.1","115.1","0.87%"
"Oct 06, 2020","115.6","113.4","117.4","112.1","2.76%"
"Oct 05, 2020","112.5","112.4","113.4","110.1","-0.09%"
"Oct 02, 2020","112.6","112.8","113.6","109.2","0.72%"
"Oct 01, 2020","111.8","109.4","111.9","107.7","1.27%"
"Sep 30, 2020","110.4","112.4","112.9","109.7","-1.69%"
"Sep 29, 2020","112.3","110.9","112.2","109.6","1.35%"
"Sep 28, 2020","110.8","110.0","111.3","108.7","0.54%"
"Sep 25, 2020","110.2","110.4","111.2","107.9","-0.18%"
"Sep 24, 2020","110.4","113.4","115.3","108.8","-3.07%"
"Sep 23, 2020","113.9","111.8","114.4","110.6","1.79%"
"Sep 22, 2020","111.9","112.0","113.5","110.8","-0.09%"
"Sep 21, 2020","112.0","111.2","113.6","110.0","0.99%"
"Sep 18, 2020","110.9","110.9","112.8","108.7","0.09%"
"Sep 17, 2020","110.8","111.2","112.4","110.0","0.18%"
"Sep 16, 2020","110.6","111.4","112.8","110.1","-1.25%"
"Sep 15, 2020","112.0","111.5","112.9","110.3","0.27%"
"Sep 14, 2020","111.7","112.8","115.1","111.7","-0.80%"
"Sep 11, 2020","112.6","112.1","113.0","109.2","1.99%"
"Sep 10, 2020","110.4","110.4","111.8","108.3","0.18%"
"Sep 09, 2020","110.2","112.0","113.3","109.2","-1.52%"
"Sep 08, 2020","111.9","110.2","113.0","109.0","2.10%"
"Sep 07, 2020","109.6","105.5","112.7","105.0","1.48%"
"Sep 04, 2020","108.0","113.7","114.7","107.5","-2.17%"
"Sep 03, 2020","110.4","113.7","114.7","108.7","-2.47%"
"Sep 02, 2020","113.2","117.8","118.8","110.4","-3.33%"
"Sep 01, 2020","117.1","114.6","117.1","112.1","2.45%"
"Aug 31, 2020","114.3","115.6","117.6","113.3","-0.87%"
"Aug 28, 2020","115.3","116.1","118.8","111.9","-0.95%"
"Aug 27, 2020","116.4","116.1","118.8","114.1","-0.09%"
"Aug 26, 2020","116.5","115.2","117.8","113.2","0.17%"
"Aug 25, 2020","116.3","115.7","118.0","113.2","0.95%"
"Aug 24, 2020","115.2","116.2","116.9","113.4","-1.03%"
"Aug 21, 2020","116.4","114.6","116.8","112.9","1.93%"
"Aug 20, 2020","114.2","118.0","119.3","113.9","-1.47%"
"Aug 19, 2020","115.9","118.0","118.8","114.4","-1.28%"
"Aug 18, 2020","117.4","115.8","119.7","114.3","1.29%"
"Aug 17, 2020","115.9","115.8","117.5","114.6","0.78%"
"Aug 14, 2020","115.0","115.1","118.1","112.2","-0.43%"
"Aug 13, 2020","115.5","115.1","117.2","112.2","-0.26%"
"Aug 12, 2020","115.8","113.9","116.9","111.4","1.40%"
"Aug 11, 2020","114.2","107.1","114.1","107.1","5.94%"
"Aug 10, 2020","107.8","104.0","110.0","102.9","3.16%"
"Aug 06, 2020","104.5","107.3","107.9","103.0","0.10%"
"Aug 05, 2020","104.4","107.3","107.9","103.4","-1.23%"
"Aug 04, 2020","105.7","107.3","107.9","104.3","-1.95%"
"Aug 03, 2020","107.8","105.8","107.1","103.9","2.18%"
"Jul 31, 2020","105.5","101.4","105.4","100.8","3.74%"
"Jul 30, 2020","101.7","102.3","103.8","99.0","-0.88%"
"Jul 28, 2020","102.6","100.5","103.0","99.8","0.79%"
"Jul 27, 2020","101.8","100.7","103.4","99.2","0.79%"
"Jul 24, 2020","101.0","102.4","103.7","98.9","-1.46%"
"Jul 23, 2020","102.5","105.4","106.7","101.0","-2.75%"
"Jul 21, 2020","105.4","106.3","108.7","104.2","-0.47%"
"Jul 20, 2020","105.9","107.0","108.4","103.6","0.47%"
"Jul 14, 2020","105.4","103.9","106.2","102.7","1.44%"
"Jul 13, 2020","103.9","104.1","105.9","101.0","0.48%"
"Jul 10, 2020","103.4","106.4","108.2","104.2","-2.73%"
"Jul 09, 2020","106.3","103.7","105.5","102.8","2.41%"
"Jul 08, 2020","103.8","106.9","108.7","103.2","-3.08%"
"Jul 07, 2020","107.1","107.4","109.7","104.5","-0.65%"
"Jul 06, 2020","107.8","105.8","109.4","103.4","1.89%"
"Jul 03, 2020","105.8","107.0","109.2","105.1","-0.94%"
"Jul 02, 2020","106.8","103.5","107.8","102.3","3.79%"
"Jul 01, 2020","102.9","103.3","107.6","101.2","0.49%"
"Jun 30, 2020","102.4","110.6","112.8","105.4","-7.08%"
"Jun 29, 2020","110.2","111.3","112.4","108.6","-3.50%"
"Jun 27, 2020","114.2","114.3","114.3","114.2","2.42%"
"Jun 26, 2020","111.5","111.7","112.6","107.7","1.00%"
"Jun 25, 2020","110.4","114.4","114.9","110.3","-0.99%"
"Jun 24, 2020","111.5","104.5","110.8","103.2","6.29%"
"Jun 23, 2020","104.9","105.0","108.3","103.4","-1.50%"
"Jun 22, 2020","106.5","107.8","109.9","106.5","-0.61%"
"Jun 19, 2020","107.2","108.7","109.1","103.3","1.08%"
"Jun 18, 2020","106.0","96.8","108.0","95.1","2.71%"
"Jun 17, 2020","103.2","99.8","105.8","98.1","6.50%"
"Jun 16, 2020","96.9","92.9","98.3","92.7","2.22%"
"Jun 15, 2020","94.8","100.0","102.7","95.7","-7.60%"
"Jun 13, 2020","102.6","102.6","102.6","102.6","0.74%"
"Jun 12, 2020","101.8","101.4","103.0","99.8","-0.59%"
"Jun 11, 2020","102.4","111.6","111.6","101.1","-5.14%"
"Jun 10, 2020","108.0","103.7","108.1","102.9","4.40%"
"Jun 09, 2020","103.4","109.4","109.8","102.9","-4.70%"
"Jun 08, 2020","108.6","103.9","109.6","103.3","7.05%"
"Jun 05, 2020","101.4","100.3","103.4","94.9","1.05%"
"Jun 04, 2020","100.3","102.6","105.6","99.1","-0.94%"
"Jun 03, 2020","101.3","99.2","105.2","97.8","0.70%"
"Jun 02, 2020","100.6","95.4","103.6","95.4","4.25%"
"Jun 01, 2020","96.5","100.1","100.1","95.3","-6.13%"
"May 29, 2020","102.8","104.8","106.3","101.3","-2.00%"
"May 28, 2020","104.9","109.5","109.6","103.8","-2.05%"
"May 27, 2020","107.1","98.0","106.2","97.6","8.95%"
"May 26, 2020","98.3","96.3","100.1","95.7","-3.53%"
"May 25, 2020","101.9","99.1","102.1","98.6","5.49%"
"May 22, 2020","96.6","97.2","98.8","95.1","1.58%"
"May 21, 2020","95.1","91.6","95.4","88.6","-1.50%"
"May 20, 2020","96.6","94.8","96.7","91.7","4.49%"
"May 19, 2020","92.4","88.2","96.6","87.3","4.41%"
"May 18, 2020","88.5","82.7","93.7","79.7","6.50%"
"May 15, 2020","83.1","83.5","85.2","81.2","0.36%"
"May 14, 2020","82.8","87.1","90.2","83.3","-4.17%"
"May 13, 2020","86.4","90.2","92.3","85.6","-4.95%"
"May 12, 2020","90.9","89.8","91.2","86.0","0.78%"
"May 11, 2020","90.2","90.3","92.8","88.1","0.67%"
"May 08, 2020","89.6","94.3","95.9","88.3","-5.29%"
"May 07, 2020","94.6","102.4","102.4","88.3","-8.33%"
"May 06, 2020","103.2","106.3","107.7","102.3","-4.09%"
"May 05, 2020","107.6","112.0","113.0","105.4","-4.27%"
"May 04, 2020","112.4","117.5","118.5","110.0","-6.88%"
"May 01, 2020","120.7","120.7","120.7","119.3","3.43%"
"Apr 30, 2020","116.7","116.1","119.9","111.8","0.52%"
"Apr 29, 2020","116.1","118.5","120.1","116.4","-1.86%"
"Apr 28, 2020","118.3","117.5","119.6","116.0","1.37%"
"Apr 27, 2020","116.7","121.1","121.7","116.1","-3.55%"
"Apr 24, 2020","121.0","122.3","124.1","118.0","1.42%"
"Apr 23, 2020","119.3","118.2","121.5","114.2","1.10%"
"Apr 22, 2020","118.0","121.9","123.9","118.4","-3.75%"
"Apr 21, 2020","122.6","122.1","126.6","118.9","1.83%"
"Apr 20, 2020","120.4","117.3","122.0","114.7","3.26%"
"Apr 17, 2020","116.6","111.2","119.3","110.9","2.82%"
"Apr 16, 2020","113.4","103.6","113.6","101.9","2.62%"
"Apr 15, 2020","110.5","106.8","113.7","106.1","7.28%"
"Apr 14, 2020","103.0","100.4","104.6","96.7","-2.88%"
"Apr 13, 2020","106.1","106.1","106.1","106.1","3.97%"
"Apr 09, 2020","102.0","99.2","104.2","96.9","3.55%"
"Apr 08, 2020","98.5","103.2","104.4","97.1","-0.71%"
"Apr 07, 2020","99.2","102.4","106.5","97.8","-8.57%"
"Apr 06, 2020","108.5","107.4","109.8","103.3","6.69%"
"Apr 03, 2020","101.7","103.3","106.1","100.5","-0.78%"
"Apr 02, 2020","102.5","113.6","119.8","103.7","-9.69%"
"Apr 01, 2020","113.5","129.2","134.6","113.6","-9.85%"
"Mar 31, 2020","125.9","131.6","133.7","127.3","-4.62%"
"Mar 30, 2020","132.0","140.4","144.3","134.1","-5.78%"
"Mar 27, 2020","140.1","137.4","144.0","132.8","2.34%"
"Mar 26, 2020","136.9","125.6","141.4","125.6","8.39%"
"Mar 25, 2020","126.3","125.7","133.2","123.5","-8.64%"
"Mar 24, 2020","138.3","133.8","139.4","131.6","7.92%"
"Mar 23, 2020","128.1","123.9","129.5","119.3","3.39%"
"Mar 20, 2020","123.9","122.6","125.1","111.9","2.14%"
"Mar 19, 2020","121.3","131.7","135.4","112.4","2.36%"
"Mar 18, 2020","118.5","137.5","137.5","109.9","-10.13%"
"Mar 17, 2020","131.9","140.9","140.9","128.4","-4.66%"
"Mar 16, 2020","138.3","147.0","153.2","138.7","-8.11%"
"Mar 13, 2020","150.5","160.6","164.2","137.7","-2.81%"
"Mar 12, 2020","154.9","163.4","165.4","152.3","-3.22%"
"Mar 11, 2020","160.0","165.2","167.8","156.4","-2.20%"
"Mar 10, 2020","163.6","152.9","166.7","142.7","11.52%"
"Mar 09, 2020","146.7","166.8","180.8","146.2","-10.17%"
"Mar 07, 2020","163.3","163.3","163.3","163.3","1.55%"
"Mar 06, 2020","160.8","173.1","179.3","158.5","-3.65%"
"Mar 05, 2020","166.9","168.5","170.5","161.2","2.83%"
"Mar 04, 2020","162.3","174.6","180.8","159.4","-6.24%"
"Mar 03, 2020","173.1","166.7","176.0","165.9","4.28%"
"Mar 02, 2020","166.0","170.9","174.1","167.8","-3.74%"
"Feb 28, 2020","172.4","172.8","183.1","164.7","0.06%"
"Feb 27, 2020","172.4","179.2","183.7","170.6","-1.29%"
"Feb 26, 2020","174.6","173.9","181.8","172.0","-0.23%"
"Feb 25, 2020","175.0","176.7","186.2","173.7","-1.85%"
"Feb 24, 2020","178.3","177.3","182.8","177.1","0.22%"
"Feb 21, 2020","177.9","181.0","191.9","176.7","-3.16%"
"Feb 20, 2020","183.7","183.1","192.7","181.6","1.77%"
"Feb 19, 2020","180.5","178.3","180.4","176.9","1.18%"
"Feb 18, 2020","178.4","179.4","180.7","176.0","0.73%"
"Feb 17, 2020","177.1","173.5","178.1","172.2","1.84%"
"Feb 14, 2020","173.9","179.7","180.7","173.0","-1.97%"
"Feb 13, 2020","177.4","182.4","183.4","176.6","-0.06%"
"Feb 12, 2020","177.5","175.0","179.5","173.2","0.85%"
"Feb 11, 2020","176.0","177.5","177.9","174.8","-1.51%"
"Feb 10, 2020","178.7","174.3","179.3","174.0","2.17%"
"Feb 07, 2020","174.9","173.5","179.6","172.5","-2.81%"
"Feb 06, 2020","179.9","176.1","180.6","175.6","3.66%"
"Feb 05, 2020","173.6","172.0","177.8","168.4","1.22%"
"Feb 04, 2020","171.5","170.2","171.8","168.7","-0.29%"
"Feb 03, 2020","172.0","171.3","172.5","169.2","0.23%"
"Jan 31, 2020","171.6","170.8","173.6","170.7","0.70%"
"Jan 30, 2020","170.4","172.2","172.9","170.1","0.00%"
"Jan 29, 2020","170.4","166.0","171.7","165.8","1.01%"
"Jan 28, 2020","168.7","165.4","168.7","164.6","1.38%"
"Jan 27, 2020","166.4","166.3","167.1","163.3","0.85%"
"Jan 24, 2020","165.0","162.0","164.5","160.7","-0.66%"
"Jan 23, 2020","166.1","165.4","167.0","165.1","2.28%"
"Jan 22, 2020","162.4","162.3","165.0","161.2","-0.55%"
"Jan 21, 2020","163.3","160.0","162.9","157.7","0.71%"
"Jan 20, 2020","162.1","162.6","163.2","161.6","1.22%"
"Jan 17, 2020","160.2","157.8","160.1","157.3","-1.48%"
"Jan 16, 2020","162.6","161.3","163.3","160.9","2.33%"
"Jan 15, 2020","158.9","158.0","161.8","156.1","-2.99%"
"Jan 14, 2020","163.8","162.1","164.1","162.1","2.44%"
"Jan 13, 2020","159.9","162.5","163.8","158.9","-1.78%"
"Jan 10, 2020","162.8","161.9","163.0","159.4","0.49%"
"Jan 09, 2020","162.0","160.3","162.8","156.7","1.44%"
"Jan 08, 2020","159.7","158.6","163.0","156.1","1.08%"
"Jan 07, 2020","158.0","159.2","160.4","157.9","-0.94%"
"Jan 06, 2020","159.5","163.0","165.0","160.2","-1.79%"
"Jan 03, 2020","162.4","165.8","171.7","160.6","-1.69%"
"Jan 02, 2020","165.2","168.9","170.8","166.3","-4.54%"
"Dec 31, 2019","173.1","173.1","173.1","173.1","1.91%"
"Dec 30, 2019","169.8","171.5","171.5","168.4","-0.70%"
"Dec 27, 2019","171.0","170.4","172.0","169.8","-1.16%"
"Dec 26, 2019","173.0","173.1","173.1","173.0","0.00%"
"Dec 25, 2019","173.0","173.1","173.1","173.0","0.03%"
"Dec 24, 2019","172.9","173.1","173.1","172.9","1.80%"
"Dec 23, 2019","169.9","172.0","174.4","169.8","-1.45%"
"Dec 20, 2019","172.4","170.5","172.0","169.6","0.76%"
"Dec 19, 2019","171.1","170.4","171.6","167.8","0.29%"
"Dec 18, 2019","170.6","171.3","174.3","170.3","-2.68%"
"Dec 17, 2019","175.3","174.8","175.8","173.5","3.61%"
"Dec 16, 2019","169.2","173.8","173.9","171.1","-2.87%"
"Dec 13, 2019","174.2","164.5","173.0","163.9","3.51%"
"Dec 12, 2019","168.3","174.0","175.6","170.4","-3.61%"
"Dec 11, 2019","174.6","171.7","173.8","171.3","1.57%"
"Dec 10, 2019","171.9","169.1","173.0","169.1","1.54%"
"Dec 09, 2019","169.3","169.4","172.9","169.3","0.12%"
"Dec 06, 2019","169.1","169.3","172.2","167.6","-3.15%"
"Dec 05, 2019","174.6","171.3","175.1","170.6","3.62%"
"Dec 04, 2019","168.5","174.5","175.6","168.7","-3.77%"
"Dec 03, 2019","175.1","168.9","173.9","168.0","3.00%"
"Dec 02, 2019","170.0","170.5","171.5","165.1","-0.53%"
"Nov 29, 2019","170.9","170.5","171.7","168.7","-1.41%"
"Nov 28, 2019","173.4","173.9","174.6","172.6","1.91%"
"Nov 27, 2019","170.1","170.0","171.2","169.3","0.29%"
"Nov 26, 2019","169.6","171.2","172.0","169.9","-0.53%"
"Nov 25, 2019","170.5","173.4","173.4","170.8","-1.96%"
"Nov 22, 2019","173.9","173.0","174.2","170.2","0.69%"
"Nov 21, 2019","172.7","172.7","174.2","172.0","-0.35%"
"Nov 20, 2019","173.3","173.3","177.8","173.0","-0.23%"
"Nov 19, 2019","173.7","173.2","174.3","172.4","0.40%"
"Nov 18, 2019","173.0","174.6","175.6","172.7","-2.51%"
"Nov 16, 2019","177.4","177.6","177.6","177.4","1.57%"
"Nov 15, 2019","174.7","174.5","176.6","173.8","-1.02%"
"Nov 14, 2019","176.5","176.7","177.3","174.0","0.68%"
"Nov 13, 2019","175.3","180.1","181.0","175.1","-2.29%"
"Nov 12, 2019","179.4","177.4","180.2","176.8","0.34%"
"Nov 11, 2019","178.8","181.6","182.4","179.5","-2.93%"
"Nov 09, 2019","184.2","184.2","184.2","184.2","1.88%"
"Nov 08, 2019","180.8","179.9","182.3","177.7","0.84%"
"Nov 07, 2019","179.3","180.5","181.9","177.1","-0.99%"
"Nov 06, 2019","181.1","178.5","179.7","176.3","1.80%"
"Nov 05, 2019","177.9","171.9","177.4","169.9","2.83%"
"Nov 04, 2019","173.0","172.1","174.5","170.2","0.41%"
"Nov 01, 2019","172.3","175.0","177.4","172.1","-2.71%"
"Oct 31, 2019","177.1","177.6","180.1","176.1","1.78%"
"Oct 30, 2019","174.0","172.9","176.3","171.3","0.87%"
"Oct 29, 2019","172.5","170.3","173.1","170.0","1.05%"
"Oct 28, 2019","170.7","167.8","171.5","167.4","1.01%"
"Oct 25, 2019","169.0","168.3","170.1","167.2","0.42%"
"Oct 24, 2019","168.3","165.9","170.2","163.5","1.51%"
"Oct 23, 2019","165.8","168.5","169.1","165.2","0.61%"
"Oct 22, 2019","164.8","161.3","167.2","159.4","0.30%"
"Oct 21, 2019","164.3","163.9","165.3","162.3","0.03%"
"Oct 18, 2019","164.3","166.4","166.6","163.3","1.14%"
"Oct 17, 2019","162.4","159.2","164.2","156.0","-0.92%"
"Oct 16, 2019","163.9","161.9","166.9","160.6","3.28%"
"Oct 15, 2019","158.7","164.6","165.5","163.0","-3.35%"
"Oct 14, 2019","164.2","164.3","165.9","163.4","1.55%"
"Oct 11, 2019","161.7","160.6","163.7","159.2","-0.25%"
"Oct 10, 2019","162.1","166.6","168.2","161.6","-2.05%"
"Oct 09, 2019","165.5","169.2","171.4","164.6","-0.96%"
"Oct 08, 2019","167.1","168.9","171.3","167.0","-1.82%"
"Oct 07, 2019","170.2","172.8","174.0","170.6","-3.10%"
"Oct 05, 2019","175.6","175.6","175.6","175.6","1.36%"
"Oct 04, 2019","173.3","176.1","179.2","171.7","-2.45%"
"Oct 03, 2019","177.6","179.4","181.8","175.9","-0.56%"
"Oct 02, 2019","178.6","178.8","181.4","176.6","1.22%"
"Oct 01, 2019","176.5","174.5","179.0","173.3","0.00%"
"Sep 30, 2019","176.5","174.8","178.2","171.9","-0.56%"
"Sep 28, 2019","177.5","178.1","178.1","177.5","-0.53%"
"Sep 27, 2019","178.4","179.9","180.9","177.3","0.88%"
"Sep 26, 2019","176.9","174.6","178.8","174.1","2.02%"
"Sep 25, 2019","173.4","180.4","181.3","175.6","-4.20%"
"Sep 24, 2019","181.0","176.9","179.4","176.4","2.09%"
"Sep 23, 2019","177.3","174.2","179.1","172.8","1.49%"
"Sep 20, 2019","174.7","175.9","176.9","172.5","-0.46%"
"Sep 19, 2019","175.5","179.6","180.5","175.0","-2.50%"
"Sep 18, 2019","180.0","179.3","181.5","179.1","0.22%"
"Sep 17, 2019","179.6","181.6","182.0","179.4","-0.83%"
"Sep 16, 2019","181.1","175.0","181.7","174.3","3.78%"
"Sep 13, 2019","174.5","163.9","179.2","162.4","5.63%"
"Sep 12, 2019","165.2","169.5","177.1","168.2","-3.22%"
"Sep 11, 2019","170.7","165.8","171.0","165.6","2.52%"
"Sep 10, 2019","166.5","168.5","173.0","167.7","-1.54%"
"Sep 09, 2019","169.1","172.9","173.5","168.0","-4.00%"
"Sep 07, 2019","176.1","176.1","176.1","176.1","1.64%"
"Sep 06, 2019","173.3","169.6","173.7","168.0","1.88%"
"Sep 05, 2019","170.1","173.3","174.5","167.8","-3.13%"
"Sep 04, 2019","175.6","174.9","175.4","170.6","-0.23%"
"Sep 03, 2019","176.0","178.7","181.1","175.0","-1.79%"
"Sep 02, 2019","179.2","180.4","180.4","177.4","-0.88%"
"Aug 30, 2019","180.8","183.1","185.0","180.4","-2.93%"
"Aug 29, 2019","186.3","185.6","187.9","184.4","2.00%"
"Aug 28, 2019","182.6","185.9","186.6","182.2","-1.72%"
"Aug 27, 2019","185.8","184.4","185.9","183.2","1.53%"
"Aug 26, 2019","183.0","187.2","187.3","181.1","-0.81%"
"Aug 23, 2019","184.5","180.3","183.7","175.2","1.07%"
"Aug 22, 2019","182.6","183.6","185.6","178.6","1.64%"
"Aug 21, 2019","179.6","171.5","181.0","170.6","3.94%"
"Aug 20, 2019","172.8","169.4","175.6","169.0","2.37%"
"Aug 19, 2019","168.8","163.9","169.7","162.7","0.06%"
"Aug 16, 2019","168.7","173.3","173.3","164.8","-1.11%"
"Aug 15, 2019","170.6","173.3","173.7","163.3","-1.27%"
"Aug 14, 2019","172.8","172.1","173.9","171.0","0.23%"
"Aug 13, 2019","172.4","171.8","173.8","169.8","0.29%"
"Aug 12, 2019","171.9","170.1","172.1","169.8","1.48%"
"Aug 09, 2019","169.4","162.8","172.2","159.5","-1.63%"
"Aug 08, 2019","172.2","166.1","172.5","162.9","5.97%"
"Aug 07, 2019","162.5","165.8","168.1","164.5","-2.40%"
"Aug 06, 2019","166.5","164.5","166.3","162.0","0.42%"
"Aug 05, 2019","165.8","174.6","176.0","164.8","-3.15%"
"Aug 02, 2019","171.2","176.3","181.0","167.5","-5.57%"
"Aug 01, 2019","181.3","181.4","182.4","178.3","-0.36%"
"Jul 31, 2019","181.9","179.1","182.4","178.1","3.38%"
"Jul 30, 2019","176.0","174.0","176.6","173.4","1.09%"
"Jul 29, 2019","174.1","174.6","175.8","173.7","-1.61%"
"Jul 27, 2019","176.9","176.9","176.9","176.9","1.70%"
"Jul 26, 2019","174.0","175.0","176.2","171.7","-0.57%"
"Jul 25, 2019","175.0","175.6","177.0","169.0","-0.06%"
"Jul 24, 2019","175.1","174.9","176.9","174.3","0.17%"
"Jul 23, 2019","174.8","173.9","175.6","173.3","0.17%"
"Jul 22, 2019","174.5","174.3","175.8","173.7","-1.94%"
"Jul 20, 2019","177.9","177.9","177.9","177.9","1.69%"
"Jul 19, 2019","175.0","175.8","176.0","173.4","-0.06%"
"Jul 18, 2019","175.1","173.4","175.7","171.5","0.69%"
"Jul 17, 2019","173.9","178.2","178.2","172.5","-1.97%"
"Jul 16, 2019","177.4","178.3","179.8","175.7","-0.17%"
"Jul 15, 2019","177.7","174.6","178.0","173.9","-0.34%"
"Jul 13, 2019","178.3","178.3","178.3","178.3","-0.08%"
"Jul 12, 2019","178.4","174.6","179.2","174.4","3.69%"
"Jul 11, 2019","172.1","174.0","176.9","171.1","-3.31%"
"Jul 10, 2019","178.0","177.3","179.6","174.6","1.25%"
"Jul 09, 2019","175.8","177.4","178.0","174.9","-0.90%"
"Jul 08, 2019","177.4","178.3","179.3","177.0","0.17%"
"Jul 05, 2019","177.1","177.7","178.4","173.5","-0.34%"
"Jul 04, 2019","177.7","180.0","180.6","177.0","-1.33%"
"Jul 03, 2019","180.1","182.2","183.3","178.9","-0.39%"
"Jul 02, 2019","180.8","176.1","180.0","174.8","3.37%"
"Jul 01, 2019","174.9","172.4","175.7","171.5","0.63%"
"Jun 28, 2019","173.8","174.4","174.5","172.1","-0.29%"
"Jun 27, 2019","174.3","171.9","175.3","170.4","1.46%"
"Jun 26, 2019","171.8","172.2","175.5","171.5","-0.69%"
"Jun 25, 2019","173.0","172.2","172.6","169.5","1.23%"
"Jun 24, 2019","170.9","170.2","172.0","169.3","0.71%"
"Jun 21, 2019","169.7","169.6","171.7","168.7","0.00%"
"Jun 20, 2019","169.7","169.3","171.4","166.1","1.86%"
"Jun 19, 2019","166.6","164.9","169.2","164.1","0.66%"
"Jun 18, 2019","165.5","164.8","167.1","163.4","0.61%"
"Jun 17, 2019","164.5","164.9","166.1","163.6","-2.08%"
"Jun 14, 2019","168.0","170.4","171.6","167.1","0.60%"
"Jun 13, 2019","167.0","168.0","168.6","165.3","-0.54%"
"Jun 12, 2019","167.9","164.3","170.8","164.3","-2.44%"
"Jun 11, 2019","172.1","167.6","173.6","167.6","4.43%"
"Jun 10, 2019","164.8","167.6","167.9","164.2","-4.21%"
"Jun 07, 2019","172.1","172.1","173.7","171.2","0.00%"
"Jun 06, 2019","172.1","166.9","172.9","166.4","4.97%"
"Jun 05, 2019","163.9","157.5","166.4","156.8","4.39%"
"Jun 04, 2019","157.0","162.1","163.4","153.5","-3.33%"
"Jun 03, 2019","162.4","173.1","173.2","161.5","-7.62%"
"May 31, 2019","175.8","178.7","181.5","174.4","-0.51%"
"May 30, 2019","176.7","174.8","176.9","173.8","0.28%"
"May 29, 2019","176.2","176.8","177.2","174.6","0.06%"
"May 28, 2019","176.1","175.8","177.6","173.5","0.00%"
"May 27, 2019","176.1","174.8","176.6","173.5","-0.62%"
"May 25, 2019","177.2","176.9","177.3","176.9","-0.14%"
"May 24, 2019","177.4","176.9","178.4","175.8","1.28%"
"May 23, 2019","175.2","171.5","175.5","170.8","-1.24%"
"May 22, 2019","177.4","174.1","177.8","173.4","3.80%"
"May 21, 2019","170.9","170.7","172.4","169.2","0.18%"
"May 20, 2019","170.6","172.8","174.0","170.3","-1.73%"
"May 17, 2019","173.6","172.0","175.9","170.3","-1.14%"
"May 16, 2019","175.6","174.6","176.2","173.8","2.39%"
"May 15, 2019","171.5","173.8","177.0","172.2","-1.04%"
"May 14, 2019","173.3","172.2","174.3","171.7","-0.12%"
"May 13, 2019","173.5","171.5","172.7","169.7","-0.40%"
"May 11, 2019","174.2","174.2","174.2","174.2","2.17%"
"May 10, 2019","170.5","168.7","171.2","167.8","1.25%"
"May 09, 2019","168.4","170.9","171.8","168.9","-2.01%"
"May 08, 2019","171.9","174.3","174.9","171.6","0.26%"
"May 07, 2019","171.4","168.3","172.4","166.5","2.15%"
"May 06, 2019","167.8","167.4","170.4","166.6","-2.16%"
"May 04, 2019","171.5","171.5","171.5","171.5","0.53%"
"May 03, 2019","170.6","169.4","172.1","168.8","0.83%"
"May 02, 2019","169.2","171.9","172.1","168.9","-1.54%"
"May 01, 2019","171.9","171.8","171.9","171.8","1.51%"
"Apr 30, 2019","169.3","170.1","170.7","165.9","0.18%"
"Apr 29, 2019","169.0","170.4","170.5","167.8","-0.94%"
"Apr 26, 2019","170.6","172.3","173.2","169.4","-1.04%"
"Apr 25, 2019","172.4","174.4","175.6","171.6","-1.37%"
"Apr 24, 2019","174.8","173.1","175.2","172.5","1.57%"
"Apr 23, 2019","172.1","172.4","173.0","170.0","-2.69%"
"Apr 22, 2019","176.9","176.9","176.9","176.9","-0.08%"
"Apr 19, 2019","177.0","176.9","177.0","176.9","0.23%"
"Apr 18, 2019","176.6","172.2","177.4","170.9","5.50%"
"Apr 17, 2019","167.4","165.7","168.6","165.3","-0.06%"
"Apr 16, 2019","167.5","167.3","170.1","165.6","-2.67%"
"Apr 15, 2019","172.1","169.9","172.4","169.1","2.62%"
"Apr 12, 2019","167.7","168.9","170.5","166.7","-0.65%"
"Apr 11, 2019","168.8","170.6","172.4","168.8","-1.23%"
"Apr 10, 2019","170.9","169.6","172.8","169.1","1.18%"
"Apr 09, 2019","168.9","168.8","170.7","167.5","-0.24%"
"Apr 08, 2019","169.3","170.4","170.8","167.9","0.12%"
"Apr 05, 2019","169.1","167.6","170.3","166.8","-0.24%"
"Apr 04, 2019","169.5","166.4","171.5","165.0","-1.91%"
"Apr 03, 2019","172.8","169.4","173.9","167.9","2.49%"
"Apr 02, 2019","168.6","162.9","168.8","161.8","4.46%"
"Apr 01, 2019","161.4","161.5","164.8","160.1","-3.47%"
"Mar 30, 2019","167.2","167.2","167.2","167.2","0.06%"
"Mar 29, 2019","167.1","166.3","167.9","165.3","2.01%"
"Mar 28, 2019","163.8","164.7","165.8","162.6","0.43%"
"Mar 27, 2019","163.1","163.9","166.7","161.7","-0.12%"
"Mar 26, 2019","163.3","161.7","163.4","161.0","-0.12%"
"Mar 25, 2019","163.5","159.8","163.2","158.6","2.12%"
"Mar 22, 2019","160.1","159.2","162.7","158.5","0.57%"
"Mar 21, 2019","159.2","157.5","160.6","157.0","1.60%"
"Mar 20, 2019","156.7","155.7","156.9","154.5","0.71%"
"Mar 19, 2019","155.6","157.8","158.5","154.0","-1.21%"
"Mar 18, 2019","157.5","158.8","159.2","156.1","-2.23%"
"Mar 16, 2019","161.1","161.1","161.1","161.1","0.88%"
"Mar 15, 2019","159.7","156.1","160.1","156.0","-0.50%"
"Mar 14, 2019","160.5","159.4","161.8","158.6","2.29%"
"Mar 13, 2019","156.9","160.6","161.5","157.2","-2.55%"
"Mar 12, 2019","161.0","156.5","160.3","155.4","2.16%"
"Mar 11, 2019","157.6","157.9","159.6","157.0","-1.62%"
"Mar 09, 2019","160.2","160.2","160.2","160.2","1.20%"
"Mar 08, 2019","158.3","162.1","162.6","156.3","-1.86%"
"Mar 07, 2019","161.3","152.4","162.5","151.5","5.56%"
"Mar 06, 2019","152.8","152.4","155.0","149.7","-1.61%"
"Mar 05, 2019","155.3","155.1","155.3","153.1","1.64%"
"Mar 04, 2019","152.8","151.6","154.2","149.9","-1.58%"
"Mar 02, 2019","155.3","155.3","155.3","155.3","2.00%"
"Mar 01, 2019","152.2","150.8","153.2","148.5","0.86%"
"Feb 28, 2019","150.9","154.1","154.3","150.6","-1.31%"
"Feb 27, 2019","152.9","152.4","157.4","150.8","0.66%"
"Feb 26, 2019","151.9","152.0","154.6","151.4","-0.13%"
"Feb 25, 2019","152.1","152.9","153.7","149.9","-1.23%"
"Feb 22, 2019","154.0","151.2","153.1","149.1","1.85%"
"Feb 21, 2019","151.2","150.2","151.8","146.9","-0.59%"
"Feb 20, 2019","152.1","151.8","153.1","150.9","1.60%"
"Feb 19, 2019","149.7","148.8","151.1","147.4","0.60%"
"Feb 18, 2019","148.8","146.6","150.3","145.0","-0.50%"
"Feb 16, 2019","149.6","149.6","149.6","149.6","0.17%"
"Feb 15, 2019","149.3","148.9","154.4","147.1","2.61%"
"Feb 14, 2019","145.5","150.4","150.4","146.4","-3.19%"
"Feb 13, 2019","150.3","148.0","150.9","147.0","1.01%"
"Feb 12, 2019","148.8","149.8","150.8","147.2","-1.20%"
"Feb 11, 2019","150.6","150.3","151.6","147.7","-1.95%"
"Feb 08, 2019","153.6","154.1","155.4","152.9","0.85%"
"Feb 07, 2019","152.3","150.6","153.5","148.6","1.40%"
"Feb 06, 2019","150.2","151.0","153.3","148.8","-0.40%"
"Feb 05, 2019","150.8","149.2","152.6","148.2","0.80%"
"Feb 04, 2019","149.6","148.8","152.5","148.8","-2.03%"
"Feb 01, 2019","152.7","155.6","155.6","152.4","-0.46%"
"Jan 31, 2019","153.4","153.6","155.3","150.0","0.85%"
"Jan 30, 2019","152.1","154.9","156.2","151.1","-2.37%"
"Jan 29, 2019","155.8","153.9","155.0","151.2","1.37%"
"Jan 28, 2019","153.7","152.6","153.7","150.1","-0.65%"
"Jan 26, 2019","154.7","154.7","154.7","154.7","1.38%"
"Jan 25, 2019","152.6","152.2","154.2","149.9","-0.39%"
"Jan 24, 2019","153.2","149.9","153.8","147.2","0.16%"
"Jan 23, 2019","152.9","152.6","154.1","151.2","1.56%"
"Jan 22, 2019","150.6","149.2","152.4","148.5","1.07%"
"Jan 21, 2019","149.0","149.7","151.4","148.3","-0.60%"
"Jan 18, 2019","149.9","149.4","151.1","147.7","-0.20%"
"Jan 17, 2019","150.2","151.5","153.2","149.8","-0.92%"
"Jan 16, 2019","151.6","151.3","152.6","149.3","0.00%"
"Jan 15, 2019","151.6","149.7","153.0","148.6","0.80%"
"Jan 14, 2019","150.4","149.4","152.2","149.1","-3.16%"
"Jan 11, 2019","155.3","152.7","156.7","152.6","1.84%"
"Jan 10, 2019","152.5","151.9","154.1","150.4","0.93%"
"Jan 09, 2019","151.1","148.4","151.2","146.8","1.61%"
"Jan 08, 2019","148.7","143.4","148.2","141.6","3.91%"
"Jan 07, 2019","143.1","142.5","146.3","141.4","0.49%"
"Jan 04, 2019","142.4","147.2","147.2","142.8","-3.78%"
"Jan 03, 2019","148.0","146.3","148.5","144.6","0.61%"
"Jan 02, 2019","147.1","149.4","152.8","147.7","-2.23%"
"Jan 01, 2019","150.4","150.4","150.4","150.4","2.00%"
"Dec 31, 2018","147.5","147.8","147.8","147.5","-0.81%"
"Dec 28, 2018","148.7","149.7","151.5","146.9","-3.03%"
"Dec 27, 2018","153.4","151.4","153.5","151.0","1.25%"
"Dec 26, 2018","151.4","151.4","151.4","151.4","-0.16%"
"Dec 25, 2018","151.7","151.4","151.7","151.4","1.27%"
"Dec 24, 2018","149.8","149.7","149.8","149.7","-0.07%"
"Dec 21, 2018","149.9","154.0","155.3","147.7","-1.74%"
"Dec 20, 2018","152.6","156.9","157.8","151.9","-0.10%"
"Dec 19, 2018","152.7","152.5","154.4","151.0","-0.20%"
"Dec 18, 2018","153.0","154.2","156.6","151.6","-0.78%"
"Dec 17, 2018","154.2","155.7","156.6","152.6","-1.28%"
"Dec 14, 2018","156.2","155.0","158.3","154.2","1.69%"
"Dec 13, 2018","153.6","155.0","158.4","152.1","-0.32%"
"Dec 12, 2018","154.1","153.8","157.4","153.2","-0.39%"
"Dec 11, 2018","154.7","153.7","156.7","151.8","0.19%"
"Dec 10, 2018","154.4","154.7","155.0","150.2","0.59%"
"Dec 07, 2018","153.5","149.2","153.5","148.2","0.33%"
"Dec 06, 2018","153.0","152.0","154.6","151.4","3.38%"
"Dec 05, 2018","148.0","152.4","153.6","148.3","-2.89%"
"Dec 04, 2018","152.4","149.4","151.3","147.6","2.90%"
"Dec 03, 2018","148.1","143.2","149.8","142.3","0.41%"
"Dec 01, 2018","147.5","147.5","147.5","147.5","1.17%"
"Nov 30, 2018","145.8","145.8","147.9","144.6","0.34%"
"Nov 29, 2018","145.3","150.0","150.1","144.9","-2.91%"
"Nov 28, 2018","149.6","151.4","151.4","148.4","2.36%"
"Nov 27, 2018","146.2","147.0","150.3","145.5","-0.61%"
"Nov 26, 2018","147.1","148.2","148.7","145.3","-1.21%"
"Nov 23, 2018","148.9","146.3","150.1","145.4","1.57%"
"Nov 22, 2018","146.6","146.2","148.7","145.8","0.27%"
"Nov 21, 2018","146.2","150.7","152.1","146.4","-3.50%"
"Nov 20, 2018","151.5","152.6","153.9","149.8","-0.79%"
"Nov 19, 2018","152.7","153.6","154.0","150.3","-0.33%"
"Nov 16, 2018","153.2","152.4","154.4","151.7","1.12%"
"Nov 15, 2018","151.5","153.9","155.9","151.9","-3.38%"
"Nov 14, 2018","156.8","155.5","157.6","154.6","1.55%"
"Nov 13, 2018","154.4","154.4","155.8","151.9","0.32%"
"Nov 12, 2018","153.9","155.1","155.9","152.3","-1.82%"
"Nov 11, 2018","156.8","156.8","156.8","156.8","1.26%"
"Nov 09, 2018","154.8","151.7","154.6","151.0","2.25%"
"Nov 08, 2018","151.4","152.5","154.0","150.0","-1.17%"
"Nov 07, 2018","153.2","152.5","153.9","151.1","0.26%"
"Nov 06, 2018","152.8","150.7","153.9","149.2","1.26%"
"Nov 05, 2018","150.9","150.6","153.0","149.4","0.40%"
"Nov 02, 2018","150.3","151.6","152.9","148.1","-2.34%"
"Nov 01, 2018","153.9","154.3","154.5","152.7","0.79%"
"Oct 31, 2018","152.7","152.1","154.8","150.1","0.33%"
"Oct 30, 2018","152.2","152.4","154.1","149.5","-1.17%"
"Oct 29, 2018","154.0","152.3","153.9","148.8","2.05%"
"Oct 26, 2018","150.9","154.1","157.2","151.8","-3.21%"
"Oct 25, 2018","155.9","157.2","157.6","155.1","1.50%"
"Oct 24, 2018","153.6","150.8","155.2","150.8","1.45%"
"Oct 23, 2018","151.4","150.6","154.4","150.3","0.07%"
"Oct 22, 2018","151.3","148.9","153.7","147.0","-1.47%"
"Oct 20, 2018","153.6","153.6","153.6","153.6","0.59%"
"Oct 19, 2018","152.6","157.3","158.1","151.6","-3.60%"
"Oct 18, 2018","158.4","150.8","158.8","149.9","5.36%"
"Oct 17, 2018","150.3","149.9","151.8","147.7","0.00%"
"Oct 16, 2018","150.3","147.2","150.5","145.8","1.69%"
"Oct 15, 2018","147.8","150.8","152.7","147.0","-2.64%"
"Oct 12, 2018","151.8","146.9","150.4","145.3","2.36%"
"Oct 11, 2018","148.3","154.4","155.5","146.7","-0.80%"
"Oct 10, 2018","149.5","146.3","149.4","145.9","1.98%"
"Oct 09, 2018","146.6","145.7","148.4","143.5","-0.34%"
"Oct 08, 2018","147.1","144.0","148.4","143.4","0.62%"
"Oct 05, 2018","146.2","147.4","149.6","145.1","-0.85%"
"Oct 04, 2018","147.4","144.8","149.3","137.9","3.76%"
"Oct 03, 2018","142.1","146.0","146.4","141.4","-2.67%"
"Oct 02, 2018","146.0","143.1","148.3","142.2","2.03%"
"Oct 01, 2018","143.1","140.9","145.6","139.5","1.49%"
"Sep 28, 2018","141.0","145.5","146.9","139.2","-1.61%"
"Sep 27, 2018","143.3","149.5","149.6","142.9","0.00%"
"Sep 26, 2018","143.3","139.1","144.5","139.1","3.02%"
"Sep 25, 2018","139.1","139.8","142.8","137.1","-0.57%"
"Sep 24, 2018","139.9","141.2","143.4","139.6","-0.85%"
"Sep 21, 2018","141.1","141.5","143.6","140.6","-0.49%"
"Sep 20, 2018","141.8","141.7","143.0","135.8","0.14%"
"Sep 19, 2018","141.6","141.7","143.7","138.8","-1.15%"
"Sep 18, 2018","143.3","144.3","145.9","142.8","1.17%"
"Sep 17, 2018","141.6","141.7","143.1","140.6","-0.56%"
"Sep 14, 2018","142.4","142.9","143.6","140.6","-0.63%"
"Sep 13, 2018","143.3","140.1","144.3","139.8","1.92%"
"Sep 12, 2018","140.6","140.1","142.2","138.9","0.29%"
"Sep 11, 2018","140.2","140.6","141.1","137.9","0.21%"
"Sep 10, 2018","139.9","137.4","140.5","135.7","1.75%"
"Sep 07, 2018","137.5","138.6","139.9","136.3","-0.87%"
"Sep 06, 2018","138.7","137.9","140.5","136.2","0.29%"
"Sep 05, 2018","138.3","135.7","140.5","135.4","1.69%"
"Sep 04, 2018","136.0","136.4","139.0","134.5","-0.15%"
"Sep 03, 2018","136.2","138.3","139.6","135.6","-0.73%"
"Aug 31, 2018","137.2","133.8","139.8","132.9","-3.18%"
"Aug 30, 2018","141.7","137.1","141.9","136.3","3.36%"
"Aug 29, 2018","137.1","137.5","138.3","136.4","2.77%"
"Aug 28, 2018","133.4","133.5","136.7","132.9","-0.07%"
"Aug 27, 2018","133.5","135.2","137.9","132.9","-3.75%"
"Aug 24, 2018","138.7","137.8","138.9","136.9","2.44%"
"Aug 23, 2018","135.4","134.0","135.6","131.7","1.12%"
"Aug 22, 2018","133.9","134.9","135.9","131.9","-0.30%"
"Aug 21, 2018","134.3","137.2","137.3","133.1","-2.11%"
"Aug 20, 2018","137.2","136.4","137.4","135.0","-0.72%"
"Aug 18, 2018","138.2","138.2","138.2","138.2","1.62%"
"Aug 17, 2018","136.0","137.0","139.5","135.3","-0.66%"
"Aug 16, 2018","136.9","138.1","140.0","136.7","-1.30%"
"Aug 15, 2018","138.7","136.0","139.0","135.7","1.69%"
"Aug 14, 2018","136.4","138.6","138.7","136.0","-1.87%"
"Aug 13, 2018","139.0","140.1","141.8","136.8","-0.86%"
"Aug 10, 2018","140.2","138.8","141.6","137.7","2.11%"
"Aug 09, 2018","137.3","137.3","138.8","135.6","0.29%"
"Aug 08, 2018","136.9","138.5","139.8","135.4","-2.35%"
"Aug 07, 2018","140.2","142.1","142.1","139.2","1.52%"
"Aug 06, 2018","138.1","136.2","141.9","135.1","-4.06%"
"Aug 04, 2018","143.9","143.9","143.9","143.9","2.75%"
"Aug 03, 2018","140.1","138.9","144.1","136.2","0.57%"
"Aug 02, 2018","139.3","137.2","140.4","136.7","0.36%"
"Aug 01, 2018","138.8","139.3","140.1","135.3","-0.93%"
"Jul 31, 2018","140.1","139.8","143.2","138.1","0.21%"
"Jul 30, 2018","139.8","138.6","141.7","135.5","-1.24%"
"Jul 28, 2018","141.6","141.6","141.6","141.6","2.35%"
"Jul 27, 2018","138.3","134.7","140.2","134.7","2.22%"
"Jul 26, 2018","135.3","137.6","139.0","134.9","-1.67%"
"Jul 25, 2018","137.6","136.0","139.0","136.0","1.18%"
"Jul 24, 2018","136.0","132.6","136.9","131.5","2.41%"
"Jul 23, 2018","132.8","130.0","135.7","129.8","2.15%"
"Jul 20, 2018","130.0","134.5","136.8","131.3","-2.91%"
"Jul 19, 2018","133.9","132.7","135.2","131.0","-0.96%"
"Jul 18, 2018","135.2","135.6","136.9","135.1","2.19%"
"Jul 17, 2018","132.3","130.8","135.0","130.8","1.15%"
"Jul 16, 2018","130.8","138.3","140.5","137.3","-5.42%"
"Jul 13, 2018","138.3","139.1","141.0","137.2","-0.65%"
"Jul 12, 2018","139.2","135.6","140.0","134.7","2.28%"
"Jul 11, 2018","136.1","138.2","139.5","134.7","-0.95%"
"Jul 10, 2018","137.4","138.8","139.9","136.0","-1.43%"
"Jul 09, 2018","139.4","139.8","142.3","137.4","-2.89%"
"Jul 06, 2018","143.6","143.3","145.0","142.9","2.10%"
"Jul 05, 2018","140.6","139.2","144.4","138.4","0.79%"
"Jul 04, 2018","139.5","144.3","144.9","141.0","-2.11%"
"Jul 03, 2018","142.5","139.2","143.0","138.2","1.64%"
"Jul 02, 2018","140.2","143.4","145.9","139.8","-2.03%"
"Jun 29, 2018","143.1","142.4","146.6","141.8","-1.04%"
"Jun 28, 2018","144.6","147.5","148.6","144.1","-1.23%"
"Jun 27, 2018","146.4","148.0","149.6","144.0","-1.01%"
"Jun 26, 2018","147.9","146.8","149.5","144.2","0.48%"
"Jun 25, 2018","147.2","147.3","148.8","144.8","-1.31%"
"Jun 23, 2018","149.1","149.1","149.1","149.1","2.23%"
"Jun 22, 2018","145.9","144.5","147.1","142.4","0.97%"
"Jun 21, 2018","144.5","137.8","145.6","137.2","5.40%"
"Jun 20, 2018","137.1","137.8","141.0","136.6","-0.65%"
"Jun 19, 2018","138.0","136.7","142.0","136.7","0.95%"
"Jun 18, 2018","136.7","138.7","141.1","137.0","-3.43%"
"Jun 16, 2018","141.6","141.6","141.6","141.6","1.62%"
"Jun 15, 2018","139.3","134.1","142.5","133.0","-1.69%"
"Jun 14, 2018","141.7","137.8","141.8","135.9","5.43%"
"Jun 13, 2018","134.4","136.2","138.4","134.1","-1.68%"
"Jun 12, 2018","136.7","135.6","137.8","133.3","0.44%"
"Jun 11, 2018","136.1","134.2","138.9","132.8","-0.22%"
"Jun 08, 2018","136.4","134.2","140.2","134.2","0.37%"
"Jun 07, 2018","135.9","132.6","136.1","128.4","3.11%"
"Jun 06, 2018","131.8","133.1","135.4","131.6","-2.51%"
"Jun 05, 2018","135.2","133.2","136.6","133.1","2.04%"
"Jun 04, 2018","132.5","135.2","138.2","133.4","-5.32%"
"Jun 01, 2018","139.9","136.9","141.8","134.4","1.30%"
"May 31, 2018","138.1","137.5","141.6","135.1","0.88%"
"May 30, 2018","136.9","141.7","142.7","135.9","-5.62%"
"May 29, 2018","145.1","144.2","152.7","136.9","0.42%"
"May 28, 2018","144.5","136.0","146.0","133.9","10.90%"
"May 24, 2018","130.3","127.2","132.6","124.7","3.33%"
"May 22, 2018","126.1","132.6","133.5","125.1","-4.97%"
"May 21, 2018","132.7","126.8","130.7","126.8","3.75%"
"May 18, 2018","127.9","122.4","126.4","121.3","2.73%"
"May 16, 2018","124.5","123.0","127.1","121.8","1.63%"
"May 15, 2018","122.5","122.9","124.6","119.7","-0.49%"
"May 14, 2018","123.1","125.9","126.5","121.7","-2.15%"
"May 11, 2018","125.8","127.8","128.9","123.8","-1.41%"
"May 10, 2018","127.6","127.7","129.8","126.9","0.24%"
"May 09, 2018","127.3","126.0","126.7","122.6","0.16%"
"May 08, 2018","127.1","127.5","128.7","125.2","-0.63%"
"May 07, 2018","127.9","127.2","128.7","124.8","0.55%"
"May 03, 2018","127.2","127.6","128.0","123.3","-1.09%"
"Apr 30, 2018","128.6","125.6","128.3","123.3","1.98%"
"Apr 27, 2018","126.1","127.6","130.3","125.0","0.56%"
"Apr 26, 2018","125.4","123.8","126.7","122.4","1.13%"
"Apr 25, 2018","124.0","124.1","125.9","121.5","-1.98%"
"Apr 24, 2018","126.5","121.8","124.8","120.4","4.20%"
"Apr 23, 2018","121.4","122.2","124.4","120.1","-2.49%"
"Apr 19, 2018","124.5","127.7","131.5","125.5","-2.96%"
"Apr 18, 2018","128.3","126.9","130.6","126.7","0.31%"
"Apr 17, 2018","127.9","124.8","128.6","123.4","1.99%"
"Apr 16, 2018","125.4","126.1","127.2","122.0","-0.95%"
"Apr 13, 2018","126.6","123.0","125.5","121.5","2.93%"
"Apr 12, 2018","123.0","126.0","126.9","121.9","-2.61%"
"Apr 11, 2018","126.3","124.7","126.8","121.6","1.53%"
"Apr 10, 2018","124.4","130.3","130.6","120.4","-4.53%"
"Apr 09, 2018","130.3","130.4","131.4","126.4","-0.99%"
"Apr 06, 2018","131.6","128.2","130.8","126.1","2.57%"
"Apr 05, 2018","128.3","131.8","132.1","126.5","-2.73%"
"Apr 04, 2018","131.9","132.7","134.7","129.9","-0.90%"
"Apr 03, 2018","133.1","132.3","135.6","130.6","0.83%"
"Mar 29, 2018","132.0","134.0","135.7","130.4","-1.49%"
"Mar 27, 2018","134.0","132.9","134.9","130.1","1.21%"
"Mar 26, 2018","132.4","131.7","133.9","129.3","0.38%"
"Mar 23, 2018","131.9","128.3","133.6","126.6","2.33%"
"Mar 20, 2018","128.9","130.3","130.6","127.1","-1.83%"
"Mar 19, 2018","131.3","128.4","130.1","126.1","2.26%"
"Mar 16, 2018","128.4","129.2","130.1","125.8","-0.77%"
"Mar 15, 2018","129.4","129.8","130.7","125.9","0.23%"
"Mar 13, 2018","129.1","127.1","130.0","125.0","1.41%"
"Mar 12, 2018","127.3","127.4","128.0","125.2","1.03%"
"Mar 09, 2018","126.0","126.2","127.9","123.9","0.56%"
"Mar 08, 2018","125.3","122.4","126.0","120.9","1.95%"
"Mar 07, 2018","122.9","128.1","130.5","122.3","-3.53%"
"Mar 06, 2018","127.4","124.4","129.5","124.3","0.79%"
"Mar 05, 2018","126.4","126.0","131.0","126.0","1.77%"
"Mar 02, 2018","124.2","126.8","130.1","123.3","-2.05%"
"Feb 28, 2018","126.8","118.0","126.6","116.7","7.28%"
"Feb 27, 2018","118.2","120.8","122.2","117.6","-2.23%"
"Feb 26, 2018","120.9","122.7","123.0","117.8","-0.90%"
"Feb 23, 2018","122.0","116.4","121.7","116.4","4.27%"
"Feb 22, 2018","117.0","114.6","118.7","112.6","2.90%"
"Feb 20, 2018","113.7","115.7","117.4","113.2","-1.81%"
"Feb 19, 2018","115.8","116.2","116.3","114.0","-0.86%"
"Feb 16, 2018","116.8","111.6","116.7","111.1","4.01%"
"Feb 15, 2018","112.3","112.2","113.5","109.6","0.09%"
"Feb 14, 2018","112.2","111.4","114.7","108.9","0.09%"
"Feb 13, 2018","112.1","108.5","112.5","108.3","3.32%"
"Feb 12, 2018","108.5","107.9","111.2","105.4","0.28%"
"Feb 09, 2018","108.2","110.3","110.9","105.1","-2.17%"
"Feb 08, 2018","110.6","106.8","108.5","105.2","3.56%"
"Feb 07, 2018","106.8","108.5","112.3","105.8","-2.55%"
"Feb 06, 2018","109.6","114.8","115.7","108.2","-2.58%"
"Feb 05, 2018","112.5","108.5","113.1","107.7","2.74%"
"Feb 01, 2018","109.5","107.9","112.1","107.3","1.39%"
"Jan 31, 2018","108.0","112.7","115.1","109.4","-4.00%"
"Jan 30, 2018","112.5","112.3","114.2","110.2","-0.79%"
"Jan 29, 2018","113.4","111.1","114.8","110.1","-0.35%"
"Jan 26, 2018","113.8","114.8","115.5","111.4","-0.61%"
"Jan 25, 2018","114.5","108.8","114.1","108.7","4.19%"
"Jan 24, 2018","109.9","108.9","111.1","107.6","0.64%"
"Jan 23, 2018","109.2","107.9","110.7","107.7","1.96%"
"Jan 22, 2018","107.1","107.6","108.6","104.2","0.19%"
"Jan 19, 2018","106.9","105.6","108.5","103.1","1.81%"
"Jan 18, 2018","105.0","102.3","107.0","100.8","2.64%"
"Jan 17, 2018","102.3","103.8","106.3","102.6","-1.45%"
"Jan 16, 2018","103.8","100.4","106.8","100.3","3.28%"
"Jan 15, 2018","100.5","108.2","112.4","107.1","-6.34%"
"Jan 11, 2018","107.3","110.0","110.7","105.6","-1.11%"
"Jan 10, 2018","108.5","105.3","109.9","103.9","2.17%"
"Jan 09, 2018","106.2","106.2","110.1","104.8","0.00%"
"Jan 08, 2018","106.2","107.0","109.7","104.3","-0.47%"
"Jan 05, 2018","106.7","105.3","109.5","104.0","1.33%"
"Jan 04, 2018","105.3","107.5","108.6","102.5","-1.22%"
"Jan 03, 2018","106.6","108.3","112.7","107.6","-1.93%"
"Jan 02, 2018","108.7","113.6","113.9","109.0","-4.14%"
"Dec 29, 2017","113.4","110.5","113.0","109.6","2.81%"
"Dec 28, 2017","110.3","114.2","114.4","110.4","-2.90%"
"Dec 27, 2017","113.6","108.3","113.1","107.9","4.80%"
"Dec 22, 2017","108.4","109.4","110.9","107.3","-0.46%"
"Dec 21, 2017","108.9","109.8","110.2","106.6","-0.27%"
"Dec 20, 2017","109.2","108.4","111.6","106.3","0.83%"
"Dec 19, 2017","108.3","112.9","115.0","110.3","-3.99%"
"Dec 18, 2017","112.8","115.6","116.7","113.1","-2.25%"
"Dec 15, 2017","115.4","119.0","121.3","114.8","-3.03%"
"Dec 14, 2017","119.0","114.4","118.9","112.9","4.39%"
"Dec 13, 2017","114.0","113.3","116.3","111.5","0.88%"
"Dec 11, 2017","113.0","114.1","116.8","112.9","-0.53%"
"Dec 08, 2017","113.6","111.3","116.3","110.5","1.88%"
"Dec 06, 2017","111.5","112.3","114.2","110.3","-0.27%"
"Dec 05, 2017","111.8","108.8","112.0","107.7","2.01%"
"Dec 04, 2017","109.6","112.7","112.7","107.6","-2.32%"
"Dec 01, 2017","112.2","109.1","113.2","107.7","3.51%"
"Nov 30, 2017","108.4","108.7","110.7","106.6","-0.64%"
"Nov 29, 2017","109.1","110.2","111.9","107.6","-1.09%"
"Nov 28, 2017","110.3","111.2","112.5","110.3","-0.81%"
"Nov 27, 2017","111.2","110.2","113.3","109.5","0.82%"
"Nov 24, 2017","110.3","111.2","112.2","108.2","-0.63%"
"Nov 23, 2017","111.0","112.4","113.0","110.1","-1.51%"
"Nov 22, 2017","112.7","113.3","114.0","109.6","1.08%"
"Nov 21, 2017","111.5","111.7","114.1","110.1","-0.18%"
"Nov 20, 2017","111.7","113.1","114.7","110.3","-0.80%"
"Nov 17, 2017","112.6","113.1","114.4","110.1","-0.44%"
"Nov 15, 2017","113.1","113.2","115.5","111.8","0.00%"
"Nov 14, 2017","113.1","112.6","115.1","111.2","0.80%"
"Nov 13, 2017","112.2","112.8","115.9","112.1","-0.44%"
"Nov 10, 2017","112.7","114.5","116.3","111.4","-2.51%"
"Nov 09, 2017","115.6","114.4","117.8","113.0","1.40%"
"Nov 08, 2017","114.0","116.7","118.4","115.3","-1.89%"
"Nov 07, 2017","116.2","115.9","117.4","113.6","0.52%"
"Nov 06, 2017","115.6","114.8","118.0","113.8","0.43%"
"Nov 03, 2017","115.1","116.4","118.3","114.2","-1.20%"
"Nov 02, 2017","116.5","119.6","120.1","115.1","-1.60%"
"Nov 01, 2017","118.4","120.5","122.1","118.1","-1.42%"
"Oct 31, 2017","120.1","121.0","122.0","118.2","-0.25%"
"Oct 30, 2017","120.4","121.1","122.5","117.7","0.00%"
"Oct 27, 2017","120.4","116.3","119.7","115.3","1.95%"
"Oct 26, 2017","118.1","117.3","119.0","113.9","2.07%"
"Oct 25, 2017","115.7","116.2","117.2","112.0","1.05%"
"Oct 23, 2017","114.5","115.7","117.9","113.7","-0.95%"
"Oct 20, 2017","115.6","116.8","118.3","112.6","-1.03%"
"Oct 19, 2017","116.8","117.0","119.4","114.3","-0.09%"
"Oct 18, 2017","116.9","118.5","119.1","115.1","-1.18%"
"Oct 17, 2017","118.3","115.9","118.7","114.6","2.07%"
"Oct 13, 2017","115.9","112.3","117.9","111.3","3.48%"
"Oct 11, 2017","112.0","111.1","113.7","109.9","0.54%"
"Oct 10, 2017","111.4","111.5","113.3","109.4","-0.45%"
"Oct 09, 2017","111.9","112.4","114.2","109.6","2.85%"
"Oct 05, 2017","108.8","108.0","112.1","107.0","-0.55%"
"Oct 04, 2017","109.4","109.0","113.6","108.0","-0.82%"
"Oct 03, 2017","110.3","106.5","110.8","105.6","3.47%"
"Oct 02, 2017","106.6","107.6","110.8","105.6","-0.93%"
"Sep 29, 2017","107.6","109.9","110.9","106.4","-1.91%"
"Sep 28, 2017","109.7","105.8","111.4","104.6","1.01%"
"Sep 27, 2017","108.6","109.2","111.5","106.8","-1.45%"
"Sep 26, 2017","110.2","112.2","112.3","108.3","-2.04%"
"Sep 25, 2017","112.5","111.4","113.7","108.2","6.43%"
"Sep 20, 2017","105.7","105.2","108.6","104.9","0.48%"
"Sep 19, 2017","105.2","105.9","108.9","105.2","-0.66%"
"Sep 18, 2017","105.9","104.3","108.3","103.9","0.38%"
"Sep 15, 2017","105.5","106.4","108.1","103.6","0.00%"
"Sep 14, 2017","105.5","105.3","108.9","104.1","0.09%"
"Sep 13, 2017","105.4","105.5","108.0","104.0","0.76%"
"Sep 12, 2017","104.6","108.4","110.8","105.8","-3.86%"
"Sep 11, 2017","108.8","110.7","112.2","107.7","-3.03%"
"Sep 08, 2017","112.2","116.3","116.6","109.8","-2.60%"
"Sep 07, 2017","115.2","108.5","114.7","108.2","5.59%"
"Sep 06, 2017","109.1","114.4","114.8","109.1","-4.72%"
"Sep 05, 2017","114.5","113.9","114.4","111.0","0.44%"
"Sep 04, 2017","114.0","114.4","114.7","111.3","0.88%"
"Sep 01, 2017","113.0","113.4","115.0","111.2","-0.53%"
"Aug 31, 2017","113.6","114.3","115.7","112.4","-0.61%"
"Aug 30, 2017","114.3","113.9","117.0","111.6","0.62%"
"Aug 29, 2017","113.6","115.3","117.9","113.3","0.09%"
"Aug 28, 2017","113.5","114.1","115.8","112.6","-0.35%"
"Aug 25, 2017","113.9","113.2","115.5","111.0","0.62%"
"Aug 24, 2017","113.2","114.5","115.8","113.8","-1.39%"
"Aug 23, 2017","114.8","112.4","115.2","111.4","1.77%"
"Aug 22, 2017","112.8","112.3","114.8","111.1","-0.79%"
"Aug 21, 2017","113.7","112.6","114.8","110.5","0.44%"
"Aug 18, 2017","113.2","115.4","116.5","112.3","-1.91%"
"Aug 17, 2017","115.4","116.2","117.3","111.1","0.17%"
"Aug 16, 2017","115.2","113.8","114.8","110.7","2.67%"
"Aug 15, 2017","112.2","111.7","113.7","108.9","0.45%"
"Aug 14, 2017","111.7","112.0","112.0","107.9","-0.71%"
"Aug 11, 2017","112.5","112.8","113.6","108.8","1.17%"
"Aug 10, 2017","111.2","112.5","113.1","109.9","-0.80%"
"Aug 09, 2017","112.1","111.0","114.1","110.1","1.72%"
"Aug 08, 2017","110.2","113.0","113.3","109.5","-2.39%"
"Aug 07, 2017","112.9","112.6","113.5","108.7","-0.18%"
"Aug 04, 2017","113.1","115.2","115.2","109.6","-1.48%"
"Aug 03, 2017","114.8","110.8","113.6","109.9","3.61%"
"Aug 02, 2017","110.8","115.6","115.6","108.2","-4.15%"
"Aug 01, 2017","115.6","109.3","112.5","106.4","5.76%"
"Jul 31, 2017","109.3","108.1","110.9","106.0","-0.18%"
"Jul 28, 2017","109.5","107.5","110.5","103.7","1.86%"
"Jul 27, 2017","107.5","107.4","110.1","106.2","-1.19%"
"Jul 26, 2017","108.8","109.2","111.2","105.8","-0.37%"
"Jul 25, 2017","109.2","109.7","112.8","108.7","-1.71%"
"Jul 24, 2017","111.1","110.0","113.5","109.6","1.83%"
"Jul 20, 2017","109.1","109.3","113.3","108.0","-0.82%"
"Jul 19, 2017","110.0","107.3","111.6","106.9","1.20%"
"Jul 18, 2017","108.7","105.8","109.3","104.7","1.59%"
"Jul 17, 2017","107.0","104.1","107.3","103.3","2.79%"
"Jul 14, 2017","104.1","103.2","108.7","103.2","0.87%"
"Jul 13, 2017","103.2","105.7","109.2","103.2","-1.99%"
"Jul 12, 2017","105.3","110.1","114.0","109.1","-4.10%"
"Jul 11, 2017","109.8","109.9","111.0","106.8","-0.09%"
"Jul 10, 2017","109.9","107.9","112.0","106.0","3.39%"
"Jul 06, 2017","106.3","112.6","113.2","106.1","-5.85%"
"Jul 05, 2017","112.9","112.6","113.5","108.8","0.53%"
"Jul 04, 2017","112.3","113.3","115.1","110.0","-1.06%"
"Jul 03, 2017","113.5","112.1","116.5","111.8","-0.70%"
"Jun 30, 2017","114.3","112.5","117.6","112.0","0.00%"
"Jun 29, 2017","114.3","112.6","122.6","108.6","1.51%"
"Jun 27, 2017","112.6","120.1","123.4","116.7","-6.24%"
"Jun 23, 2017","120.1","121.7","122.6","119.7","-1.40%"
"Jun 22, 2017","121.8","121.0","123.2","119.2","1.08%"
"Jun 21, 2017","120.5","122.3","123.8","119.4","-1.47%"
"Jun 20, 2017","122.3","121.7","123.9","119.4","0.74%"
"Jun 19, 2017","121.4","122.5","125.5","120.1","-0.98%"
"Jun 16, 2017","122.6","122.4","124.6","120.2","0.16%"
"Jun 15, 2017","122.4","121.6","123.7","120.0","0.00%"
"Jun 14, 2017","122.4","119.7","123.4","116.9","2.60%"
"Jun 13, 2017","119.3","117.2","119.6","115.6","1.79%"
"Jun 12, 2017","117.2","115.6","118.8","115.3","0.51%"
"Jun 09, 2017","116.6","117.5","119.4","114.5","-0.77%"
"Jun 08, 2017","117.5","116.2","119.4","114.9","0.00%"
"Jun 07, 2017","117.5","117.5","119.0","115.6","-0.17%"
"Jun 06, 2017","117.7","115.0","118.6","114.4","2.35%"
"Jun 05, 2017","115.0","116.6","116.6","113.5","-1.71%"
"Jun 02, 2017","117.0","117.1","118.2","114.8","-0.68%"
"Jun 01, 2017","117.8","116.3","118.6","113.4","1.64%"
"May 31, 2017","115.9","119.0","119.3","115.7","-3.01%"
"May 30, 2017","119.5","117.5","119.2","115.4","2.05%"
"May 29, 2017","117.1","115.4","118.1","114.1","1.47%"
"May 26, 2017","115.4","113.3","116.9","111.2","2.12%"
"May 25, 2017","113.0","111.0","113.4","110.3","3.57%"
"May 24, 2017","109.1","110.6","112.1","107.7","-0.55%"
"May 23, 2017","109.7","110.7","112.5","107.6","0.46%"
"May 22, 2017","109.2","110.6","114.5","108.5","-2.67%"
"May 19, 2017","112.2","111.1","114.0","109.9","0.72%"
"May 18, 2017","111.4","119.0","119.9","111.8","-6.62%"
"May 17, 2017","119.3","115.0","117.8","113.2","5.48%"
"May 16, 2017","113.1","113.7","115.7","110.9","-0.18%"
"May 15, 2017","113.3","116.3","117.7","112.2","-3.16%"
"May 12, 2017","117.0","117.4","119.5","114.0","-0.34%"
"May 11, 2017","117.4","116.8","120.9","115.4","-0.42%"
"May 10, 2017","117.9","121.9","123.5","118.5","-3.28%"
"May 09, 2017","121.9","119.3","122.7","118.1","1.84%"
"May 08, 2017","119.7","118.9","124.7","118.1","0.17%"
"May 05, 2017","119.5","124.3","126.0","120.3","-3.86%"
"May 04, 2017","124.3","125.7","127.4","121.8","-1.66%"
"May 03, 2017","126.4","127.1","128.4","125.1","-0.63%"
"May 02, 2017","127.2","130.5","130.5","124.9","-1.01%"
"Apr 28, 2017","128.5","127.0","128.5","123.2","0.55%"
"Apr 27, 2017","127.8","125.6","127.9","123.0","2.57%"
"Apr 26, 2017","124.6","124.0","127.7","123.1","-0.16%"
"Apr 25, 2017","124.8","126.9","129.3","123.7","-2.27%"
"Apr 24, 2017","127.7","129.9","129.9","118.8","-0.55%"
"Apr 21, 2017","128.4","131.1","132.7","128.3","-1.15%"
"Apr 20, 2017","129.9","132.4","132.9","128.6","-1.44%"
"Apr 19, 2017","131.8","134.3","135.2","129.4","-1.86%"
"Apr 18, 2017","134.3","136.8","138.1","131.2","-1.68%"
"Apr 13, 2017","136.6","136.2","138.2","135.2","1.71%"
"Apr 12, 2017","134.3","135.2","136.9","132.4","-1.54%"
"Apr 11, 2017","136.4","133.7","135.8","131.7","1.56%"
"Apr 10, 2017","134.3","133.2","136.0","131.7","1.67%"
"Apr 07, 2017","132.1","136.8","137.0","131.2","-2.00%"
"Apr 06, 2017","134.8","135.6","135.8","132.8","0.15%"
"Apr 05, 2017","134.6","132.2","135.5","130.2","2.75%"
"Apr 04, 2017","131.0","132.2","134.2","129.8","-0.46%"
"Apr 03, 2017","131.6","126.4","130.9","125.6","4.44%"
"Mar 30, 2017","126.0","129.7","130.2","124.8","-2.93%"
"Mar 29, 2017","129.8","115.0","118.7","112.0","12.38%"
"Mar 28, 2017","115.5","114.1","120.6","112.9","0.87%"
"Mar 27, 2017","114.5","119.8","123.1","114.8","-3.62%"
"Mar 24, 2017","118.8","118.9","121.6","116.3","0.08%"
"Mar 23, 2017","118.7","121.3","124.0","119.5","-2.55%"
"Mar 22, 2017","121.8","120.8","123.8","119.8","0.83%"
"Mar 21, 2017","120.8","122.9","122.9","118.9","-1.23%"
"Mar 20, 2017","122.3","123.6","124.8","120.8","-1.05%"
"Mar 17, 2017","123.6","118.6","125.5","118.0","2.06%"
"Mar 16, 2017","121.1","128.9","129.0","120.3","-3.89%"
"Mar 15, 2017","126.0","124.0","126.6","123.3","0.88%"
"Mar 14, 2017","124.9","122.8","127.6","120.9","0.81%"
"Mar 13, 2017","123.9","124.4","131.4","123.0","-0.24%"
"Mar 10, 2017","124.2","128.2","130.8","126.3","-4.24%"
"Mar 09, 2017","129.7","134.2","136.3","129.5","-3.21%"
"Mar 07, 2017","134.0","133.6","136.9","132.8","0.15%"
"Mar 06, 2017","133.8","134.5","136.8","133.7","0.22%"
"Mar 03, 2017","133.5","135.5","138.3","132.0","-1.69%"
"Mar 01, 2017","135.8","134.1","139.5","131.1","-0.73%"
"Feb 28, 2017","136.8","134.8","138.9","133.6","0.51%"
"Feb 27, 2017","136.1","136.4","137.6","134.3","-1.02%"
"Feb 24, 2017","137.5","136.2","138.1","134.5","1.40%"
"Feb 23, 2017","135.6","131.3","135.9","131.3","3.27%"
"Feb 22, 2017","131.3","131.3","136.3","130.4","-1.20%"
"Feb 21, 2017","132.9","130.3","131.8","129.2","1.61%"
"Feb 20, 2017","130.8","129.0","133.0","128.3","0.31%"
"Feb 17, 2017","130.4","130.3","132.2","128.4","-0.31%"
"Feb 16, 2017","130.8","131.1","132.3","126.6","-0.46%"
"Feb 15, 2017","131.4","133.7","136.5","129.2","-1.43%"
"Feb 14, 2017","133.3","129.2","134.9","129.0","3.01%"
"Feb 13, 2017","129.4","125.6","130.9","125.1","2.37%"
"Feb 10, 2017","126.4","124.3","126.8","123.0","1.04%"
"Feb 09, 2017","125.1","124.9","128.3","123.8","-0.48%"
"Feb 08, 2017","125.7","126.9","128.5","122.6","-0.48%"
"Feb 07, 2017","126.3","126.8","128.7","122.1","0.72%"
"Feb 06, 2017","125.4","123.7","126.8","123.0","0.64%"
"Feb 03, 2017","124.6","122.4","125.1","121.4","1.14%"
"Feb 02, 2017","123.2","124.1","124.9","122.2","0.08%"
"Feb 01, 2017","123.1","122.4","124.0","117.0","-0.65%"
"Jan 31, 2017","123.9","127.0","127.8","122.1","-2.06%"
"Jan 30, 2017","126.5","123.7","127.6","120.9","5.86%"
"Jan 26, 2017","119.5","116.0","122.1","114.8","2.14%"
"Jan 25, 2017","117.0","117.7","121.2","116.0","-0.59%"
"Jan 24, 2017","117.7","121.7","122.1","116.2","-3.29%"
"Jan 23, 2017","121.7","119.3","121.7","117.2","3.31%"
"Jan 20, 2017","117.8","119.4","121.9","117.5","-1.34%"
"Jan 19, 2017","119.4","118.2","121.4","111.4","-0.08%"
"Jan 18, 2017","119.5","118.4","122.1","117.9","-0.08%"
"Jan 17, 2017","119.6","118.0","122.3","117.6","1.36%"
"Jan 16, 2017","118.0","120.2","121.1","115.7","0.17%"
"Jan 13, 2017","117.8","117.3","119.0","116.0","-0.51%"
"Jan 12, 2017","118.4","124.6","128.0","124.0","-4.98%"
"Jan 11, 2017","124.6","123.0","125.7","122.2","0.89%"
"Jan 10, 2017","123.5","126.0","126.2","123.1","-2.14%"
"Jan 09, 2017","126.2","126.0","128.0","123.0","-0.08%"
"Jan 06, 2017","126.3","132.6","135.1","126.9","-4.54%"
"Jan 05, 2017","132.3","131.2","135.1","127.6","0.30%"
"Jan 04, 2017","131.9","131.4","134.3","130.4","-0.60%"
"Jan 03, 2017","132.7","136.6","138.0","130.6","-2.86%"
"Jan 02, 2017","136.6","139.9","143.1","136.8","-2.43%"
"Dec 30, 2016","140.0","143.7","143.9","139.8","-2.51%"
"Dec 29, 2016","143.6","143.9","148.0","142.1","-0.21%"
"Dec 28, 2016","143.9","144.1","146.9","142.2","-0.14%"
"Dec 27, 2016","144.1","141.4","145.4","141.1","1.34%"
"Dec 23, 2016","142.2","138.4","141.8","138.3","2.45%"
"Dec 22, 2016","138.8","139.7","141.0","136.7","-0.57%"
"Dec 21, 2016","139.6","137.9","140.4","137.6","1.23%"
"Dec 20, 2016","137.9","139.9","140.1","136.2","-1.50%"
"Dec 19, 2016","140.0","131.9","137.5","131.1","6.54%"
"Dec 15, 2016","131.4","125.1","133.7","120.6","0.46%"
"Dec 14, 2016","130.8","130.4","132.9","129.3","0.00%"
"Dec 13, 2016","130.8","130.8","134.0","129.7","0.08%"
"Dec 12, 2016","130.7","130.3","134.6","126.1","-0.83%"
"Dec 09, 2016","131.8","137.8","140.2","131.3","-5.45%"
"Dec 08, 2016","139.4","140.1","141.4","133.2","-0.29%"
"Dec 07, 2016","139.8","137.2","141.9","135.8","2.27%"
"Dec 06, 2016","136.7","143.6","146.0","138.4","-4.61%"
"Dec 05, 2016","143.3","144.9","145.0","138.9","0.63%"
"Dec 02, 2016","142.4","132.4","140.5","132.2","7.39%"
"Dec 01, 2016","132.6","133.4","137.7","132.3","-0.23%"
"Nov 30, 2016","132.9","134.0","137.9","133.8","-0.82%"
"Nov 29, 2016","134.0","136.5","137.9","133.1","-2.69%"
"Nov 28, 2016","137.7","134.3","138.4","132.7","2.68%"
"Nov 25, 2016","134.1","131.1","135.0","130.0","2.44%"
"Nov 24, 2016","130.9","132.9","135.2","129.3","-1.95%"
"Nov 23, 2016","133.5","134.1","134.2","128.2","0.53%"
"Nov 22, 2016","132.8","131.7","134.9","130.7","0.08%"
"Nov 21, 2016","132.7","128.8","133.3","127.6","3.03%"
"Nov 18, 2016","128.8","126.6","131.6","122.2","1.34%"
"Nov 17, 2016","127.1","131.1","133.2","125.0","-3.05%"
"Nov 16, 2016","131.1","126.0","129.6","123.9","4.05%"
"Nov 15, 2016","126.0","130.6","132.2","125.1","-3.23%"
"Nov 14, 2016","130.2","121.2","128.1","119.0","4.49%"
"Nov 10, 2016","124.6","120.3","127.3","117.6","3.57%"
"Nov 09, 2016","120.3","114.3","124.5","114.3","4.88%"
"Nov 08, 2016","114.7","118.0","119.6","116.8","-2.22%"
"Nov 07, 2016","117.3","117.8","119.8","114.8","-1.18%"
"Nov 04, 2016","118.7","117.7","120.6","117.2","1.19%"
"Nov 03, 2016","117.3","120.0","121.1","115.7","-1.92%"
"Nov 02, 2016","119.6","118.3","123.0","117.8","0.34%"
"Nov 01, 2016","119.2","118.1","119.4","114.2","0.85%"
"Oct 31, 2016","118.2","117.6","119.0","116.4","0.08%"
"Oct 28, 2016","118.1","118.9","119.7","115.2","-0.67%"
"Oct 27, 2016","118.9","121.1","122.0","118.3","-1.49%"
"Oct 26, 2016","120.7","120.8","122.3","118.4","0.08%"
"Oct 25, 2016","120.6","121.7","122.7","119.8","-0.58%"
"Oct 24, 2016","121.3","124.1","126.7","122.1","-2.96%"
"Oct 21, 2016","125.0","126.4","127.1","123.5","-1.42%"
"Oct 20, 2016","126.8","125.5","126.9","123.3","0.63%"
"Oct 19, 2016","126.0","127.2","128.2","125.1","-1.02%"
"Oct 18, 2016","127.3","124.9","127.1","122.8","1.68%"
"Oct 17, 2016","125.2","120.6","124.3","119.0","3.99%"
"Oct 14, 2016","120.4","121.6","122.2","118.0","0.08%"
"Oct 13, 2016","120.3","118.8","122.5","118.1","1.26%"
"Oct 12, 2016","118.8","120.8","121.5","117.5","-2.22%"
"Oct 11, 2016","121.5","118.8","121.0","118.5","1.84%"
"Oct 10, 2016","119.3","120.7","122.5","119.2","-1.49%"
"Oct 07, 2016","121.1","125.0","125.2","120.7","-3.12%"
"Oct 06, 2016","125.0","123.6","128.2","122.5","0.81%"
"Oct 05, 2016","124.0","122.9","129.0","122.5","1.22%"
"Oct 04, 2016","122.5","128.3","130.1","126.6","-4.82%"
"Oct 03, 2016","128.7","128.1","130.6","127.1","0.39%"
"Sep 30, 2016","128.2","129.7","131.4","127.1","0.47%"
"Sep 29, 2016","127.6","126.7","128.8","125.8","0.95%"
"Sep 28, 2016","126.4","126.2","127.6","125.2","0.16%"
"Sep 27, 2016","126.2","127.2","128.7","125.0","-0.47%"
"Sep 26, 2016","126.8","126.4","128.3","123.9","0.24%"
"Sep 23, 2016","126.5","127.3","127.9","125.6","-0.78%"
"Sep 22, 2016","127.5","121.3","128.6","115.7","4.68%"
"Sep 21, 2016","121.8","120.1","123.7","118.8","1.50%"
"Sep 19, 2016","120.0","120.5","122.0","118.7","-0.83%"
"Sep 16, 2016","121.0","121.4","122.6","118.7","-0.17%"
"Sep 15, 2016","121.2","118.9","120.3","116.5","1.93%"
"Sep 14, 2016","118.9","114.6","120.1","113.8","3.84%"
"Sep 13, 2016","114.5","119.6","123.4","118.4","-3.78%"
"Sep 12, 2016","119.0","115.6","120.4","113.2","2.94%"
"Sep 09, 2016","115.6","115.9","120.4","110.6","-0.17%"
"Sep 08, 2016","115.8","118.5","120.2","116.4","-2.69%"
"Sep 07, 2016","119.0","118.3","119.3","115.6","1.02%"
"Sep 06, 2016","117.8","112.2","116.0","111.1","4.71%"
"Sep 05, 2016","112.5","110.9","113.8","110.6","1.53%"
"Sep 02, 2016","110.8","114.6","114.6","109.9","-2.21%"
"Sep 01, 2016","113.3","114.1","114.3","108.4","-0.09%"
"Aug 30, 2016","113.4","113.7","117.0","113.1","-0.26%"
"Aug 29, 2016","113.7","113.0","114.0","109.6","0.80%"
"Aug 26, 2016","112.8","112.8","114.0","112.1","-0.09%"
"Aug 25, 2016","112.9","110.7","112.1","109.9","1.99%"
"Aug 24, 2016","110.7","107.4","111.8","106.9","3.07%"
"Aug 23, 2016","107.4","106.9","108.4","105.2","0.09%"
"Aug 22, 2016","107.3","102.7","107.1","102.5","1.32%"
"Aug 18, 2016","105.9","107.1","110.3","104.6","-1.03%"
"Aug 17, 2016","107.0","107.2","109.7","105.0","-0.19%"
"Aug 16, 2016","107.2","107.7","110.5","107.7","-0.74%"
"Aug 15, 2016","108.0","109.0","110.4","107.1","-1.37%"
"Aug 12, 2016","109.5","109.0","112.8","108.4","-0.18%"
"Aug 11, 2016","109.7","105.2","112.0","102.6","3.98%"
"Aug 08, 2016","105.5","104.2","106.9","102.0","0.86%"
"Aug 05, 2016","104.6","108.8","108.8","105.0","-2.70%"
"Aug 04, 2016","107.5","102.2","107.7","102.0","4.47%"
"Aug 03, 2016","102.9","102.5","103.9","100.9","0.39%"
"Aug 02, 2016","102.5","105.8","106.3","100.3","-3.12%"
"Jul 29, 2016","105.8","103.3","104.2","99.3","2.72%"
"Jul 28, 2016","103.0","103.4","104.6","99.9","0.59%"
"Jul 27, 2016","102.4","97.5","102.2","95.0","3.64%"
"Jul 26, 2016","98.8","99.2","102.2","97.1","-0.50%"
"Jul 25, 2016","99.3","99.6","100.4","96.4","-0.30%"
"Jul 22, 2016","99.6","100.1","101.4","95.8","-0.50%"
"Jul 21, 2016","100.1","92.1","98.5","89.2","8.57%"
"Jul 20, 2016","92.2","92.7","94.5","91.6","-0.11%"
"Jul 19, 2016","92.3","95.1","96.8","90.2","-0.65%"
"Jul 18, 2016","92.9","90.8","94.7","90.7","1.86%"
"Jul 15, 2016","91.2","95.0","95.3","91.6","-3.39%"
"Jul 14, 2016","94.4","99.0","99.7","95.9","-4.45%"
"Jul 13, 2016","98.8","94.3","99.3","94.3","4.33%"
"Jul 12, 2016","94.7","98.8","99.6","95.7","-4.25%"
"Jul 11, 2016","98.9","104.3","104.6","99.2","-5.90%"
"Jul 08, 2016","105.1","103.8","104.8","101.3","1.35%"
"Jul 07, 2016","103.7","101.5","103.7","100.7","1.37%"
"Jul 06, 2016","102.3","105.7","107.6","101.7","-3.58%"
"Jul 04, 2016","106.1","105.8","107.0","103.7","-0.56%"
"Jul 01, 2016","106.7","106.7","109.9","102.8","-0.47%"
"Jun 30, 2016","107.2","110.2","110.2","107.4","-1.83%"
"Jun 29, 2016","109.2","111.7","112.7","108.3","-2.76%"
"Jun 28, 2016","112.3","113.9","114.2","107.7","-1.40%"
"Jun 27, 2016","113.9","103.3","115.8","103.3","5.27%"
"Jun 23, 2016","108.2","104.9","113.0","103.5","2.66%"
"Jun 21, 2016","105.4","103.9","107.6","103.3","-1.22%"
"Jun 17, 2016","106.7","108.2","110.0","106.4","-1.57%"
"Jun 16, 2016","108.4","110.9","113.3","108.7","-2.52%"
"Jun 15, 2016","111.2","105.7","110.7","105.1","4.41%"
"Jun 14, 2016","106.5","108.1","110.2","105.5","-1.48%"
"Jun 13, 2016","108.1","113.5","114.0","107.5","-4.59%"
"Jun 10, 2016","113.3","112.1","114.6","111.3","0.98%"
"Jun 09, 2016","112.2","111.6","113.7","111.6","0.09%"
"Jun 08, 2016","112.1","119.4","121.8","110.5","-6.11%"
"Jun 07, 2016","119.4","116.5","118.9","115.7","2.40%"
"Jun 06, 2016","116.6","117.7","118.3","116.4","-1.44%"
"Jun 03, 2016","118.3","117.6","119.6","116.1","0.34%"
"Jun 02, 2016","117.9","116.6","117.8","114.5","1.03%"
"Jun 01, 2016","116.7","119.4","120.1","116.9","-2.26%"
"May 31, 2016","119.4","119.6","119.8","114.9","-0.42%"
"May 30, 2016","119.9","121.0","122.7","118.6","-3.85%"
"May 26, 2016","124.7","122.3","123.5","121.0","1.80%"
"May 25, 2016","122.5","120.3","124.1","119.0","1.74%"
"May 24, 2016","120.4","120.2","121.9","119.9","0.50%"
"May 23, 2016","119.8","121.1","122.7","119.4","-1.07%"
"May 20, 2016","121.1","119.4","121.1","118.6","1.34%"
"May 19, 2016","119.5","116.2","120.7","115.1","0.00%"
"May 18, 2016","119.5","118.1","120.3","117.7","-0.33%"
"May 17, 2016","119.9","118.3","119.7","115.7","1.10%"
"May 16, 2016","118.6","121.0","121.3","117.5","-2.06%"
"May 13, 2016","121.1","118.1","120.2","117.4","2.80%"
"May 12, 2016","117.8","116.8","119.4","114.8","0.51%"
"May 10, 2016","117.2","115.6","118.8","115.1","0.00%"
"May 06, 2016","117.2","122.6","123.0","114.5","-3.78%"
"May 05, 2016","121.8","117.6","120.1","115.2","3.92%"
"May 04, 2016","117.2","119.7","122.8","115.8","-2.33%"
"May 03, 2016","120.0","116.7","122.2","116.0","2.74%"
"May 02, 2016","116.8","119.0","119.6","115.6","-1.43%"
"Apr 29, 2016","118.5","114.2","119.0","114.2","3.58%"
"Apr 28, 2016","114.4","112.6","118.7","112.6","1.51%"
"Apr 27, 2016","112.7","108.6","112.5","108.6","3.68%"
"Apr 26, 2016","108.7","107.6","111.1","106.8","0.93%"
"Apr 25, 2016","107.7","108.4","110.3","105.4","-0.83%"
"Apr 22, 2016","108.6","107.2","109.5","107.2","1.21%"
"Apr 21, 2016","107.3","108.0","110.5","106.1","-1.01%"
"Apr 20, 2016","108.4","108.2","112.1","107.9","-0.91%"
"Apr 19, 2016","109.4","108.7","110.8","107.4","0.64%"
"Apr 18, 2016","108.7","111.9","113.2","108.7","-1.90%"
"Apr 15, 2016","110.8","107.8","110.8","107.7","2.50%"
"Apr 14, 2016","108.1","111.2","111.7","106.7","-3.14%"
"Apr 13, 2016","111.6","105.3","109.6","105.1","5.88%"
"Apr 12, 2016","105.4","108.9","108.9","106.0","-3.21%"
"Apr 11, 2016","108.9","108.3","110.2","106.8","0.09%"
"Apr 08, 2016","108.8","105.2","108.9","104.6","3.32%"
"Apr 06, 2016","105.3","106.0","107.0","103.9","-1.03%"
"Apr 05, 2016","106.4","106.0","107.5","105.1","1.14%"
"Apr 04, 2016","105.2","102.1","104.7","100.6","2.63%"
"Apr 01, 2016","102.5","102.1","103.0","100.1","-0.39%"
"Mar 31, 2016","102.9","101.4","103.3","99.2","1.38%"
"Mar 30, 2016","101.5","104.4","105.0","100.2","-1.93%"
"Mar 29, 2016","103.5","104.7","109.1","101.9","-0.96%"
"Mar 24, 2016","104.5","103.3","106.8","103.0","1.26%"
"Mar 23, 2016","103.2","101.0","101.5","99.0","2.18%"
"Mar 22, 2016","101.0","100.1","103.6","99.1","0.50%"
"Mar 21, 2016","100.5","102.0","104.4","98.5","-1.47%"
"Mar 18, 2016","102.0","103.6","104.6","100.5","-0.39%"
"Mar 17, 2016","102.4","109.4","112.2","100.2","-0.78%"
"Mar 16, 2016","103.2","107.0","107.3","103.7","-2.82%"
"Mar 15, 2016","106.2","111.8","114.5","106.5","-5.01%"
"Mar 11, 2016","111.8","103.9","113.1","103.7","6.37%"
"Mar 10, 2016","105.1","113.5","118.7","113.3","-7.24%"
"Mar 09, 2016","113.3","114.1","119.0","112.5","-2.58%"
"Mar 08, 2016","116.3","114.0","117.8","113.8","3.19%"
"Mar 07, 2016","112.7","112.9","115.2","112.7","1.44%"
"Mar 04, 2016","111.1","116.1","117.2","113.0","-5.12%"